"Data Source","World Development Indicators",

"Country Name","Country Code","Indicator Name","Indicator Code","1961","1962","1963","1964","1965","1966","1967","1968","1969","1970","1971","1972","1973","1974","1975","1976","1977","1978","1979","1980","1981","1982","1983","1984","1985","1986","1987","1988","1989","1990","1991","1992","1993","1994","1995","1996","1997","1998","1999","2000","2001","2002","2003","2004","2005","2006","2007","2008","2009","2010","2011","2012","2013","2014",
"Aruba","ABW","Contraceptive prevalence (% of women ages 15-49)","SP.DYN.CONU.ZS","","","","","","","","","","","","","","","","","","","","","","","","","","","","","","","","","","","","","","","","","","","","","","","","","","","","","","",
"Andorra","AND","Contraceptive prevalence (% of women ages 15-49)","SP.DYN.CONU.ZS","","","","","","","","","","","","","","","","","","","","","","","","","","","","","","","","","","","","","","","","","","","","","","","","","","","","","","",
"Afghanistan","AFG","Contraceptive prevalence (% of women ages 15-49)","SP.DYN.CONU.ZS","","","","","","","","","","","","","1.6","","","","","","","","","","","","","","","","","","","","","","","","","","","4.9","","","10.3","","13.6","18.6","","22.8","","21.8","21.2","","","",
"Angola","AGO","Contraceptive prevalence (% of women ages 15-49)","SP.DYN.CONU.ZS","","","","","","","","","","","","","","","","","","","","","","","","","","","","","","","","","","","","8.1","","","","","6.2","","","","","","","","","","","","","",
"Albania","ALB","Contraceptive prevalence (% of women ages 15-49)","SP.DYN.CONU.ZS","","","","","","","","","","","","","","","","","","","","","","","","","","","","","","","","","","","","","","","","57.5","","75.1","","","60.1","","","","69.3","","","","","",
"Andean Region","ANR","Contraceptive prevalence (% of women ages 15-49)","SP.DYN.CONU.ZS","","","","","","","","","","","","","","","","","","","","","","","","","","","","","","","","","","","","","","","","","","","","","","","","","","","","","","",
"Arab World","ARB","Contraceptive prevalence (% of women ages 15-49)","SP.DYN.CONU.ZS","","","","","","","","","","","","","","","","","","","","","","","","","","","","","","36.2113134412389","","","","","","","","","","44.3743494060055","","","","","","","","","","48.2132561250466","","","","",
"United Arab Emirates","ARE","Contraceptive prevalence (% of women ages 15-49)","SP.DYN.CONU.ZS","","","","","","","","","","","","","","","","","","","","","","","","","","","","","","","","","","","27.5","","","","","","","","","","","","","","","","","","","",
"Argentina","ARG","Contraceptive prevalence (% of women ages 15-49)","SP.DYN.CONU.ZS","","","","","","","","","","","","","","","","","","","","","","","","","","","","","","","","","","","","","","","","","65.3","","","","78.3","","","","","","","","","",
"Armenia","ARM","Contraceptive prevalence (% of women ages 15-49)","SP.DYN.CONU.ZS","","","","","","","","","","","","","","","","","","","","","","","","","","","","","","","56","","","","","","","","","60.5","","","","","53.1","","","","","54.9","","","","",
"American Samoa","ASM","Contraceptive prevalence (% of women ages 15-49)","SP.DYN.CONU.ZS","","","","","","","","","","","","","","","","","","","","","","","","","","","","","","","","","","","","","","","","","","","","","","","","","","","","","","",
"Antigua and Barbuda","ATG","Contraceptive prevalence (% of women ages 15-49)","SP.DYN.CONU.ZS","","","","","","","","","","","","","","","","","","","","","","48.2","","","","","","52.6","","","","","","","","","","53","","","","","","","","","","","","","","","","",
"Australia","AUS","Contraceptive prevalence (% of women ages 15-49)","SP.DYN.CONU.ZS","","","","","","","","","","","","","","","","","","","","","","","","","","76.1","","","","","","","","","66.7","","","","","","","70.8","","","72.3","","","","","","","","","",
"Austria","AUT","Contraceptive prevalence (% of women ages 15-49)","SP.DYN.CONU.ZS","","","","","","","","","","","","","","","","","","","","","","71.4","","","","","","","","","","","","","","50.9","","","","","","","","","","","","","","","","","","",
"Azerbaijan","AZE","Contraceptive prevalence (% of women ages 15-49)","SP.DYN.CONU.ZS","","","","","","","","","","","","","","","","","","","","","","","","","","","","","","","","","","","","","","","","55.1","55.4","","","","","51.1","","","","","","","","",
"Burundi","BDI","Contraceptive prevalence (% of women ages 15-49)","SP.DYN.CONU.ZS","","","","","","","","","","","","","","","","","","","","","","","","","","","8.7","","","","","","","","","","","","","15.7","","19.7","","","","9.1","","","","21.9","","","","",
"Belgium","BEL","Contraceptive prevalence (% of women ages 15-49)","SP.DYN.CONU.ZS","","","","","","","","","","","","","","","","87","","","","","","","81","","","","","","","","","78.4","","","","","56.5","","","","75.6","","","74.6","","","","","","","","","","",
"Benin","BEN","Contraceptive prevalence (% of women ages 15-49)","SP.DYN.CONU.ZS","","","","","","","","","","","","","","","","","","","","","","6.6","","","","","","","","","","","","","","16.4","","","","","18.6","","","","","17","","","","","","12.9","","",
"Burkina Faso","BFA","Contraceptive prevalence (% of women ages 15-49)","SP.DYN.CONU.ZS","","","","","","","","","","","","","","","","","","","","","","","","","","","","","","","","","7.9","","","","","","11.9","","","","13.8","","","17.4","","","","16.2","","","","",
"Bangladesh","BGD","Contraceptive prevalence (% of women ages 15-49)","SP.DYN.CONU.ZS","","","","","","","","","","","","","","","","7.7","","","","12.7","18.6","","","19.1","","25.3","","","31.4","","39.9","","","44.6","","","49.2","","","53.8","","","","58.1","","","55.8","52.64","","","61.2","","","",
"Bulgaria","BGR","Contraceptive prevalence (% of women ages 15-49)","SP.DYN.CONU.ZS","","","","","","","","","","","","","","","","75","","","","","","","","","","","","","","","","","","","85.9","","","63.4","","","","","","","","","","","","","","","","",
"Bahrain","BHR","Contraceptive prevalence (% of women ages 15-49)","SP.DYN.CONU.ZS","","","","","","","","","","","","","","","","","","","","","","","","","","","","","53.8","","","","","","61.8","","","","","","","","","","","","","","","","","","","",
"Bahamas, The","BHS","Contraceptive prevalence (% of women ages 15-49)","SP.DYN.CONU.ZS","","","","","","","","","","","","","","","","","","","","","","","","","","","","61.7","","","","","","","","","","","","","44.6","","","","","","","","","","","","","",
"Bosnia and Herzegovina","BIH","Contraceptive prevalence (% of women ages 15-49)","SP.DYN.CONU.ZS","","","","","","","","","","42.9","","","","","","","","","","","","","","","","","","","","","","","","","","","","","","47.5","","","","","","35.7","","","","","","45.8","","",
"Belarus","BLR","Contraceptive prevalence (% of women ages 15-49)","SP.DYN.CONU.ZS","","","","","","","","","","","","","","","","","","","","","","","","","","","","","","","","","","","50.4","","","","","","","","","","72.6","","","","","","","63.1","","",
"Belize","BLZ","Contraceptive prevalence (% of women ages 15-49)","SP.DYN.CONU.ZS","","","","","","","","","","","","","","","","","","","","","","","","","","","","","","","46.7","","","","","","","","56.1","","","","","","","34.3","","","","","55.2","","","",
"Bermuda","BMU","Contraceptive prevalence (% of women ages 15-49)","SP.DYN.CONU.ZS","","","","","","","","","","","","","","","","","","","","","","","","","","","","","","","","","","","","","","","","","","","","","","","","","","","","","","",
"Bolivia","BOL","Contraceptive prevalence (% of women ages 15-49)","SP.DYN.CONU.ZS","","","","","","","","","","","","","","","","","","","","","","","23.6","","","","","","30.3","","","","","45.3","","","","48.3","","53.4","","","","58.4","","","","60.6","","","","","","",
"Brazil","BRA","Contraceptive prevalence (% of women ages 15-49)","SP.DYN.CONU.ZS","","","","","","","","","","","","","","","","","","","","","","","","","","65.8","","","","","59.2","","","","","76.7","","","","","","","","","","80.6","","","","","","","","",
"Barbados","BRB","Contraceptive prevalence (% of women ages 15-49)","SP.DYN.CONU.ZS","","","","","","","","","","","","","","","","","","","","","46.5","","","","","","","55","","","","","","","","","","55","","","","","","","","","","","","","","","","",
"Brunei Darussalam","BRN","Contraceptive prevalence (% of women ages 15-49)","SP.DYN.CONU.ZS","","","","","","","","","","","","","","","","","","","","","","","","","","","","","","","","","","","","","","","","","","","","","","","","","","","","","","",
"Bhutan","BTN","Contraceptive prevalence (% of women ages 15-49)","SP.DYN.CONU.ZS","","","","","","","","","","","","","","","","","","","","","","","","","","","","","","","","","","18.8","","","","","","30.7","","","","","","","35.4","","","65.6","","","","",
"Botswana","BWA","Contraceptive prevalence (% of women ages 15-49)","SP.DYN.CONU.ZS","","","","","","","","","","","","","","","","","","","","","","","","27.8","","","","33","","","","","","","","41.7","","","","44.4","","","","","","","52.8","","","","","","","",
"Sub-Saharan Africa (IFC classification)","CAA","Contraceptive prevalence (% of women ages 15-49)","SP.DYN.CONU.ZS","","","","","","","","","","","","","","","","","","","","","","","","","","","","","","","","","","","","","","","","","","","","","","","","","","","","","","",
"Central African Republic","CAF","Contraceptive prevalence (% of women ages 15-49)","SP.DYN.CONU.ZS","","","","","","","","","","","","","","","","","","","","","","","","","","","","","","","","","","","14.8","","","","","27.9","","","","","","19","","","","15.2","","","","",
"Canada","CAN","Contraceptive prevalence (% of women ages 15-49)","SP.DYN.CONU.ZS","","","","","","","","","","","","","","","","","","","","","","","","73.1","","","","","","","","","","","74.7","","","80","","","","74","","","","","","","","","","","","",
"East Asia and the Pacific (IFC classification)","CEA","Contraceptive prevalence (% of women ages 15-49)","SP.DYN.CONU.ZS","","","","","","","","","","","","","","","","","","","","","","","","","","","","","","","","","","","","","","","","","","","","","","","","","","","","","","",
"Central Europe and the Baltics","CEB","Contraceptive prevalence (% of women ages 15-49)","SP.DYN.CONU.ZS","","","","","","","","","","","","","","","","","","","","","","","","","","","","","","","","","","","","","","","","","","","","","","","","","","","","","","",
"Europe and Central Asia (IFC classification)","CEU","Contraceptive prevalence (% of women ages 15-49)","SP.DYN.CONU.ZS","","","","","","","","","","","","","","","","","","","","","","","","","","","","","","","","","","","","","","","","","","","","","","","","","","","","","","",
"Switzerland","CHE","Contraceptive prevalence (% of women ages 15-49)","SP.DYN.CONU.ZS","","","","","","","","","","","","","","","","","","","","71.2","","","","","","","","","","","","","","","82","","","","","","","","","","","","","","","","","","","",
"Channel Islands","CHI","Contraceptive prevalence (% of women ages 15-49)","SP.DYN.CONU.ZS","","","","","","","","","","","","","","","","","","","","","","","","","","","","","","","","","","","","","","","","","","","","","","","","","","","","","","",
"Chile","CHL","Contraceptive prevalence (% of women ages 15-49)","SP.DYN.CONU.ZS","","","","","","","","","","","","","","","","","","43","","","","","","","","","","","","56","","","","","","","","","","","60.7","","","","","58.4","","","","","","","","",
"China","CHN","Contraceptive prevalence (% of women ages 15-49)","SP.DYN.CONU.ZS","","","","","","","","","","","","","","","","","","","","","","69.5","","","74","","","71.0999984741","","","","84.5999984741","","90.6999969482","90.4000015259","91.0999984741","83.8","","83","83.8","86.9","","","","","84.6","","89.3","89","89.1","88.6","87.9","","",
"Cote d'Ivoire","CIV","Contraceptive prevalence (% of women ages 15-49)","SP.DYN.CONU.ZS","","","","","","","","","","","","","","","","","","","","","2.9","","","","","","","","","","","","","11.4","","","","","15","","","","","","","12.9","","","","","","18.2","","",
"Latin America and the Caribbean (IFC classification)","CLA","Contraceptive prevalence (% of women ages 15-49)","SP.DYN.CONU.ZS","","","","","","","","","","","","","","","","","","","","","","","","","","","","","","","","","","","","","","","","","","","","","","","","","","","","","","",
"Middle East and North Africa (IFC classification)","CME","Contraceptive prevalence (% of women ages 15-49)","SP.DYN.CONU.ZS","","","","","","","","","","","","","","","","","","","","","","","","","","","","","","","","","","","","","","","","","","","","","","","","","","","","","","",
"Cameroon","CMR","Contraceptive prevalence (% of women ages 15-49)","SP.DYN.CONU.ZS","","","","","","","","","","","","","","","","","","2.4","","","","","","","","","","","","","16.1","","","","","","","19.3","","25.6","","","","26","","29.2","","","","","23.4","","","",
"Congo, Rep.","COG","Contraceptive prevalence (% of women ages 15-49)","SP.DYN.CONU.ZS","","","","","","","","","","","","","","","","","","","","","","","","","","","","","","","","","","","","","","","","","","","","","44.3","","","","","","","44.7","","",
"Colombia","COL","Contraceptive prevalence (% of women ages 15-49)","SP.DYN.CONU.ZS","","","","","","","","","","","","","","","","42.5","","46.1","","48.5","","","","","","64.8","","","","66.1","","","","","72.1999969482","","","","","76.9","","","","","78.2","","","","","79.1","","","","",
"Comoros","COM","Contraceptive prevalence (% of women ages 15-49)","SP.DYN.CONU.ZS","","","","","","","","","","","","","","","","","","","","","","","","","","","","","","","","","","","","21","","","","25.7","","","","","","","","","","","","19.4","","",
"Cabo Verde","CPV","Contraceptive prevalence (% of women ages 15-49)","SP.DYN.CONU.ZS","","","","","","","","","","","","","","","","","","","","","","","","","","","","23.8","","","","","","","","","","52.9","","","","","","","61.3","","","","","","","","","",
"Costa Rica","CRI","Contraceptive prevalence (% of women ages 15-49)","SP.DYN.CONU.ZS","","","","","","","","","","","","","","","","","64.4","63.8","","","65.2","","","","","69.5","","","","","","","75","","","","","","80","","","","","","96","","96","80","","82.1","","","","",
"South Asia (IFC classification)","CSA","Contraceptive prevalence (% of women ages 15-49)","SP.DYN.CONU.ZS","","","","","","","","","","","","","","","","","","","","","","","","","","","","","","","","","","","","","","","","","","","","","","","","","","","","","","",
"Caribbean small states","CSS","Contraceptive prevalence (% of women ages 15-49)","SP.DYN.CONU.ZS","","","","","","","","","","","","","","","","","","","","","","","","","","","","","","51.2815110843664","","","","","","","","","","53.4773602065767","","","","","","","","","","","","","","",
"Cuba","CUB","Contraceptive prevalence (% of women ages 15-49)","SP.DYN.CONU.ZS","","","","","","","","","","","","","","","","","","","","60","","60","","","","","70","","","","","","","","","","","","","73.3","","","","","","72.6","77.1","","77.8","77.8","74.3","","","",
"Curacao","CUW","Contraceptive prevalence (% of women ages 15-49)","SP.DYN.CONU.ZS","","","","","","","","","","","","","","","","","","","","","","","","","","","","","","","","","","","","","","","","","","","","","","","","","","","","","","",
"Cayman Islands","CYM","Contraceptive prevalence (% of women ages 15-49)","SP.DYN.CONU.ZS","","","","","","","","","","","","","","","","","","","","","","","","","","","","","","","","","","","","","","","","","","","","","","","","","","","","","","",
"Cyprus","CYP","Contraceptive prevalence (% of women ages 15-49)","SP.DYN.CONU.ZS","","","","","","","","","","","","","","","","","","","","","","","","","","","","","","","","","","","","","","","","","","","","","","","","","","","","","","",
"Czech Republic","CZE","Contraceptive prevalence (% of women ages 15-49)","SP.DYN.CONU.ZS","","","","","","","","","","66","","","","","","","95","","","","","","","","","","","","","","78","","68.9","","","","72","","","","","","","","","","","","","","","","","",
"Germany","DEU","Contraceptive prevalence (% of women ages 15-49)","SP.DYN.CONU.ZS","","","","","","","","","","","","","","","","","","","","","","","","","77.9","","","","","","","70.1","","","","","","","","","","","","","","","","","","","","","","",
"Djibouti","DJI","Contraceptive prevalence (% of women ages 15-49)","SP.DYN.CONU.ZS","","","","","","","","","","","","","","","","","","","","","","","","","","","","","","","","","","","","","","","","","","9","","","","17.8","","22.5","","","","","","",
"Dominica","DMA","Contraceptive prevalence (% of women ages 15-49)","SP.DYN.CONU.ZS","","","","","","","","","","","","","","","","","","","","","62.3","62","","","","","49.8","","","","","","","","","","","50","","","","","","","","","","","","","","","","",
"Denmark","DNK","Contraceptive prevalence (% of women ages 15-49)","SP.DYN.CONU.ZS","","","","","","","","","","67","","","","","63","","","","","","","","","","","","","78","","","","","","","","","","","","","","","","","","","","","","","","","","",
"Dominican Republic","DOM","Contraceptive prevalence (% of women ages 15-49)","SP.DYN.CONU.ZS","","","","","","","","","","","","","","","31.8","","","","","42","","","45.8","","","50","","","","","56.4","","","","","63.7","","","69.2","64.7","","69.8","","","","61.3","72.9","","","","","","","",
"Algeria","DZA","Contraceptive prevalence (% of women ages 15-49)","SP.DYN.CONU.ZS","","","","","","","","","","","","","","","","","","","","","","","","","","","35.8","","","","","50.9","","","56.9","","","","","64","","57","","","","61.4","","","","","","","","",
"East Asia & Pacific (developing only)","EAP","Contraceptive prevalence (% of women ages 15-49)","SP.DYN.CONU.ZS","","","","","","","","","","","","","","","","","","","","","","","","","","","","","","74.5572257985488","","","","","","","","","","76.1393403444912","","","","","","","","","","80.4069309430089","","","","",
"East Asia & Pacific (all income levels)","EAS","Contraceptive prevalence (% of women ages 15-49)","SP.DYN.CONU.ZS","","","","","","","","","","","","","","","","","","","","","","","","","","","","","","73.5601054944187","","","","","","","","","","75.0938154626248","","","","","","","","","","80.3935234114953","","","","",
"Europe & Central Asia (developing only)","ECA","Contraceptive prevalence (% of women ages 15-49)","SP.DYN.CONU.ZS","","","","","","","","","","","","","","","","","","","","","","","","","","","","","","","","","","","","","","","","63.80938212614","","","","","","","","","","63.5812181943111","","","","",
"Europe & Central Asia (all income levels)","ECS","Contraceptive prevalence (% of women ages 15-49)","SP.DYN.CONU.ZS","","","","","","","","","","","","","","","","","","","","","","","","","","","","","","","","","","","","","","","","","","","","","","","","","","","","","","",
"Ecuador","ECU","Contraceptive prevalence (% of women ages 15-49)","SP.DYN.CONU.ZS","","","","","","","","","","","","","","","","","","","","33.6","","39.9","","","","","44.3","","52.9","","","","","56.8","","","","","65.8","","","","","72.7","","","","","","","","","","",
"Egypt, Arab Rep.","EGY","Contraceptive prevalence (% of women ages 15-49)","SP.DYN.CONU.ZS","","","","","","","","","","","","","","","24.9","","","","","31.4","","","","30.3","","","","37.8","","","47.6","47.1","","","47.9","","","51.7","","56.1","","","60","","59.2","","","60.3","","","","","","",
"Euro area","EMU","Contraceptive prevalence (% of women ages 15-49)","SP.DYN.CONU.ZS","","","","","","","","","","","","","","","","","","","","","","","","","","","","","","","","","","","","","","","","","","","","","","","","","","","","","","",
"Eritrea","ERI","Contraceptive prevalence (% of women ages 15-49)","SP.DYN.CONU.ZS","","","","","","","","","","","","","","","","","","","","","","","","","","","","","","","","","","","8","","","","","","","8","","","","","","","","","","","","",
"Spain","ESP","Contraceptive prevalence (% of women ages 15-49)","SP.DYN.CONU.ZS","","","","","","","","","","","","","","","","","47.1","","","","","","","","59.4","","","","","","","","","","81.1","","","","71.7","","","","","","","65.7","","","","","","","","",
"Estonia","EST","Contraceptive prevalence (% of women ages 15-49)","SP.DYN.CONU.ZS","","","","","","","","","","","","","","","","","","","","","","","","","","","","","","","","","","70.3","","","","","","","","","","","","","","","","","","","","",
"Ethiopia","ETH","Contraceptive prevalence (% of women ages 15-49)","SP.DYN.CONU.ZS","","","","","","","","","","","","","","","","","","","","","","","","","","","","","","4.8","","","","","","","3.3","","","8.1","","","","","14.7","","","","","","28.6","","","",
"European Union","EUU","Contraceptive prevalence (% of women ages 15-49)","SP.DYN.CONU.ZS","","","","","","","","","","","","","","","","","","","","","","","","","","","","","","","","","","","","","","","","","","","","","","","","","","","","","","",
"Fragile and conflict affected situations","FCS","Contraceptive prevalence (% of women ages 15-49)","SP.DYN.CONU.ZS","","","","","","","","","","","","","","","","","","","","","","","","","","","","","","","","","","","","","","","","26.8378851889898","","","","","","","","","","29.6988854197978","","","","",
"Finland","FIN","Contraceptive prevalence (% of women ages 15-49)","SP.DYN.CONU.ZS","","","","","","","","","","","77","","","","","","80","","","","","","","","","","","","77.4","","","","","","","","","","","","","","","","","","","","","","","","","",
"Fiji","FJI","Contraceptive prevalence (% of women ages 15-49)","SP.DYN.CONU.ZS","","","","","","","","","","","","","","40.9","","","","38","","","","","","","","","","","","","","","","","","","43.9","","","44","","35","","","","","43.1","","","31.77","","","","",
"France","FRA","Contraceptive prevalence (% of women ages 15-49)","SP.DYN.CONU.ZS","","","","","","","","","","","","64","","","","","71","78.7","","","","","","","","","","81.2","","","","","","74.5","","","","","","81.8","","","","","71","","","","","","","","","",
"Faeroe Islands","FRO","Contraceptive prevalence (% of women ages 15-49)","SP.DYN.CONU.ZS","","","","","","","","","","","","","","","","","","","","","","","","","","","","","","","","","","","","","","","","","","","","","","","","","","","","","","",
"Micronesia, Fed. Sts.","FSM","Contraceptive prevalence (% of women ages 15-49)","SP.DYN.CONU.ZS","","","","","","","","","","","","","","","","","","","","","","","","","","","","","","","","","","","","","","45","","","","","","23","","","","","55","","","","","",
"Gabon","GAB","Contraceptive prevalence (% of women ages 15-49)","SP.DYN.CONU.ZS","","","","","","","","","","","","","","","","","","","","","","","","","","","","","","","","","","","","","","","","32.7","","","","","","","","","","","","31.1","","",
"United Kingdom","GBR","Contraceptive prevalence (% of women ages 15-49)","SP.DYN.CONU.ZS","","","","","","","","","","","","","","","","77","","","","","","","83","","","81","","","69","","70","","82","","82","","","74","82","76","80","83","84","84","82","82","84","82","84","","","","","",
"Georgia","GEO","Contraceptive prevalence (% of women ages 15-49)","SP.DYN.CONU.ZS","","","","","","","","","","","","","","","","","","","","","","","","","","","","","","","","","","","","","","","","40.5","","","","","47.3","","","","","53.4","","","","",
"Ghana","GHA","Contraceptive prevalence (% of women ages 15-49)","SP.DYN.CONU.ZS","","","","","","","","","","","","","","","","","","","","9.5","","","","","","","","12.9","","","","17.2","20.3","","","","","15","22","","","","25.2","","","16.6","","23.5","","","34.3","","","",
"Guinea","GIN","Contraceptive prevalence (% of women ages 15-49)","SP.DYN.CONU.ZS","","","","","","","","","","","","","","","","","","","","","","","","","","","","","","","","","1.7","","","","","","6.2","","","","6.5","","9.1","","","","","","","5.6","","",
"Gambia, The","GMB","Contraceptive prevalence (% of women ages 15-49)","SP.DYN.CONU.ZS","","","","","","","","","","","","","","","","","","","","","","","","","","","","","","11.8","","","","","","","","","","9.5","18","","","","","","","","","13.3","","","","",
"Guinea-Bissau","GNB","Contraceptive prevalence (% of women ages 15-49)","SP.DYN.CONU.ZS","","","","","","","","","","","","","","","","","","","","","","","","","","","","","","","","","","","","","","","","7.6","","","","","","10.3","","","","14.2","","","","",
"Equatorial Guinea","GNQ","Contraceptive prevalence (% of women ages 15-49)","SP.DYN.CONU.ZS","","","","","","","","","","","","","","","","","","","","","","","","","","","","","","","","","","","","","","","","10.1","","","","","","","","","","","","","","",
"Greece","GRC","Contraceptive prevalence (% of women ages 15-49)","SP.DYN.CONU.ZS","","","","","","","","","","","","","","","","","","","","","","","77.2","","","","","","","","","","","","","","","","61.3","","76.2","","","","","","","","","","","","","",
"Grenada","GRD","Contraceptive prevalence (% of women ages 15-49)","SP.DYN.CONU.ZS","","","","","","","","","","","","","","","","","","","","","","","","","31","","","","","54.3","","","","","","","","54","","","","","","","","54","","","","","","","","",
"Greenland","GRL","Contraceptive prevalence (% of women ages 15-49)","SP.DYN.CONU.ZS","","","","","","","","","","","","","","","","","","","","","","","","","","","","","","","","","","","","","","","","","","","","","","","","","","","","","","",
"Guatemala","GTM","Contraceptive prevalence (% of women ages 15-49)","SP.DYN.CONU.ZS","","","","","","","","","","","","","","","","","","18.1","","","","","25","","","","23.2","","","","","","","","31.4","","","","38.2","","","43.3","","","","","","","54.1","","","","","",
"Guam","GUM","Contraceptive prevalence (% of women ages 15-49)","SP.DYN.CONU.ZS","","","","","","","","","","","","","","","","","","","","","","","","","","","","","","","","","","","","","","","","","","66.6","","","","","","","","","","","","",
"Guyana","GUY","Contraceptive prevalence (% of women ages 15-49)","SP.DYN.CONU.ZS","","","","","","","","","","","","","","","29.5","","","","","","","","","","","","","","","","","38.2","","","","","","","","37.3","","","","","34.6","","34.2","","42.5","","","","","",
"High income","HIC","Contraceptive prevalence (% of women ages 15-49)","SP.DYN.CONU.ZS","","","","","","","","","","","","","","","","","","","","","","","","","","","","","","","","","","","","","","","","","","","","","","","","","","","","","","",
"Hong Kong SAR, China","HKG","Contraceptive prevalence (% of women ages 15-49)","SP.DYN.CONU.ZS","","","","","","","","","","","","49.6","","","","","71.9","","","","","72.3","","","","","80.8","","","","","86.2","","","","","86","","","","","86.2","","","","","79.5","","","","","","","",
"Honduras","HND","Contraceptive prevalence (% of women ages 15-49)","SP.DYN.CONU.ZS","","","","","","","","","","","","","","","","","","","","","26.9","","","34.9","","","40.6","","","","","46.7","","","","50","","","","","61.8","","","","","65.2","","","","","","73.2","","",
"Heavily indebted poor countries (HIPC)","HPC","Contraceptive prevalence (% of women ages 15-49)","SP.DYN.CONU.ZS","","","","","","","","","","","","","","","","","","","","","","","","","","","","","","11.3615105416614","","","","","","","","","","18.9947710883447","","","","","","","","","","25.5968001974782","","","","",
"Croatia","HRV","Contraceptive prevalence (% of women ages 15-49)","SP.DYN.CONU.ZS","","","","","","","","","","58","","","","","","","","","","","","","","","","","","","","","","","","","","","","","","69","","","","","","","","","","","","","","",
"Haiti","HTI","Contraceptive prevalence (% of women ages 15-49)","SP.DYN.CONU.ZS","","","","","","","","","","","","","","","","","18.9","","","","","","6.9","","","","6.7","","10.2","","","","","","18","","","","","28.1","","","","","","32","","","","","","34.5","","",
"Hungary","HUN","Contraceptive prevalence (% of women ages 15-49)","SP.DYN.CONU.ZS","","","","","","","","","","","","73","","74","76","","73.1","","","","","","","","","73.1","","","","","","","80.6","","","","","","","","","","","","","","","","","","","","","",
"Indonesia","IDN","Contraceptive prevalence (% of women ages 15-49)","SP.DYN.CONU.ZS","","","","","","","","","","","","","8.6","","","26.3","","","31.2","","","","","","38.5","","47.7","","","","49.7","","53.1","54.7","54.2","54.2","57.4","55.4","55.4","54.8","52.5","","60.3","56.7","57.9","","61.4","56.6","60.63","60.9","","61.9","","",
"Isle of Man","IMN","Contraceptive prevalence (% of women ages 15-49)","SP.DYN.CONU.ZS","","","","","","","","","","","","","","","","","","","","","","","","","","","","","","","","","","","","","","","","","","","","","","","","","","","","","","",
"India","IND","Contraceptive prevalence (% of women ages 15-49)","SP.DYN.CONU.ZS","","","","","","","","","","13.6","","","","","","","","","","35.3","","","","","","","","44.9","","","","","40.7","","","","","","48.2","46.9","","","","53","","56.3","","54.8","","","","","","",
"Not classified","INX","Contraceptive prevalence (% of women ages 15-49)","SP.DYN.CONU.ZS","","","","","","","","","","","","","","","","","","","","","","","","","","","","","","","","","","","","","","","","","","","","","","","","","","","","","","",
"Ireland","IRL","Contraceptive prevalence (% of women ages 15-49)","SP.DYN.CONU.ZS","","","","","","","","","","","","","","","","","","","","","","","","","","","","","","","","","","","","","","77","","","","75","","89","64.8","","","","","","","","","",
"Iran, Islamic Rep.","IRN","Contraceptive prevalence (% of women ages 15-49)","SP.DYN.CONU.ZS","","","","","","","","","","","","","","","","","36","23","","","","","","","","","","","48.9","","49","64.6","67.8","70","72.8","73.7","72.9","","","73.8","","73.3","","","78.9","","","","","","77.42","","","",
"Iraq","IRQ","Contraceptive prevalence (% of women ages 15-49)","SP.DYN.CONU.ZS","","","","","","","","","","","","","","14.5","","","","","","","","","","","","","","","13.7","","","","","","","","","","","43.5","","","","","","49.8","","","","","52.5","","","",
"Iceland","ISL","Contraceptive prevalence (% of women ages 15-49)","SP.DYN.CONU.ZS","","","","","","","","","","","","","","","","","","","","","","","","","","","","","","","","","","","","","","","","","","","","","","","","","","","","","","",
"Israel","ISR","Contraceptive prevalence (% of women ages 15-49)","SP.DYN.CONU.ZS","","","","","","","","","","","","","","","","","","","","","","","","","","","","68","","","","","","","","","","","","","","","","","","","","","","","","","","",
"Italy","ITA","Contraceptive prevalence (% of women ages 15-49)","SP.DYN.CONU.ZS","","","","","","","","","","","","","","","","","","","78","","","","","","","","","","","","","","","","","62.7","","","","","","","","","","","","","","","","","","",
"Jamaica","JAM","Contraceptive prevalence (% of women ages 15-49)","SP.DYN.CONU.ZS","","","","","","","","","","","","","","","","38.3","","","54.9","","","","51.4","","","","","","54.6","","","","62","","","","65.9","","","","","69.1","69","","","","","72.3","","","","","","",
"Jordan","JOR","Contraceptive prevalence (% of women ages 15-49)","SP.DYN.CONU.ZS","","","","","","","","","","","","26.1","","","","25.2","","","","","","","","","26.5","","","","","40","","","","","","","52.6","","","","","55.8","","","","","57.1","","59.3","","","61.2","","",
"Japan","JPN","Contraceptive prevalence (% of women ages 15-49)","SP.DYN.CONU.ZS","","","","","","","","","","","52.6","","59.3","","60.5","","60.4","","62.2","","","","","57.3","","62.8","64.5","56.3","","57.9","","64","","58.6","","58.6","60.4","54.1","","55.9","","","","52","54.3","","","","","","","","","",
"Kazakhstan","KAZ","Contraceptive prevalence (% of women ages 15-49)","SP.DYN.CONU.ZS","","","","","","","","","","","","","","","","","","","","","","","","","","","","","","","","","","","59.1","","","","66.1","","","","","","","50.7","","","","51","","","","",
"Kenya","KEN","Contraceptive prevalence (% of women ages 15-49)","SP.DYN.CONU.ZS","","","","","","","","","","","","","","","","","","7","","","","","","17","","","","","26.9","","","","32.7","","","","","39","","","","","39.3","","","","","","45.5","","","","","",
"Kyrgyz Republic","KGZ","Contraceptive prevalence (% of women ages 15-49)","SP.DYN.CONU.ZS","","","","","","","","","","","","","","","","","","","","","","","","","","","","","","","","","","","","","59.5","","","","","","","","","47.8","","","","","","36.3","","",
"Cambodia","KHM","Contraceptive prevalence (% of women ages 15-49)","SP.DYN.CONU.ZS","","","","","","","","","","","","","","","","","","","","","","","","","","","","","","","","","","","12.6","","","21.8","","23.8","","","","","40","","","","","50.5","","","","",
"Kiribati","KIR","Contraceptive prevalence (% of women ages 15-49)","SP.DYN.CONU.ZS","","","","","","","","","","","","","","","","","","","","","","","","","","","","","","","","","","","","","","20.9","","36.1","","","","21.5","","","","","22.3","","","","","",
"St. Kitts and Nevis","KNA","Contraceptive prevalence (% of women ages 15-49)","SP.DYN.CONU.ZS","","","","","","","","","","","","","","","","","","","","","","","","40.6","","","","","","","","","","","","","","","","","","","","","","54","","54","","","","","","",
"Korea, Rep.","KOR","Contraceptive prevalence (% of women ages 15-49)","SP.DYN.CONU.ZS","","","","","","","","","","","24.5","","","34.9","","44.2","","","54.5","","","57.7","","","70.4","","","77.1","","","79.4","","","77.4","","","80.5","","","79.3","","","84.5","","80.2","79.6","","","80","","","","","",
"Kosovo","KSV","Contraceptive prevalence (% of women ages 15-49)","SP.DYN.CONU.ZS","","","","","","","","","","","","","","","","","","","","","","","","","","","","","","","","","","","","","","","","","","","","","","","","","","","","","","",
"Kuwait","KWT","Contraceptive prevalence (% of women ages 15-49)","SP.DYN.CONU.ZS","","","","","","","","","","","","","","","","","","","","","","","","","39","","34.6","","","","","","","49.8","","50.2","","","52","","","","","","","","","","","","","","","",
"Latin America & Caribbean (developing only)","LAC","Contraceptive prevalence (% of women ages 15-49)","SP.DYN.CONU.ZS","","","","","","","","","","","","","","","","","","","","","","","","","","","","","","58.5709760468822","","","","","","","","","","","","","","","","","","","","","","","","",
"Lao PDR","LAO","Contraceptive prevalence (% of women ages 15-49)","SP.DYN.CONU.ZS","","","","","","","","","","","","","","","","","","","","","","","","","","","","","","","","","18.6","","20","","","","","32.2","","","","","38.4","","","","","","","49.8","","",
"Lebanon","LBN","Contraceptive prevalence (% of women ages 15-49)","SP.DYN.CONU.ZS","","","","","","","","","","","53","","","","","","","","","","","","","","","","","","","","","","","","","61.1","","","","62.7","","58","","58","","","","","53.7","","","","","",
"Liberia","LBR","Contraceptive prevalence (% of women ages 15-49)","SP.DYN.CONU.ZS","","","","","","","","","","","","","","","","","","","","","","","","","","6.4","","","","","","","","","","","","","","10","","","","","","","11.4","","","","","","","",
"Libya","LBY","Contraceptive prevalence (% of women ages 15-49)","SP.DYN.CONU.ZS","","","","","","","","","","","","","","","","","","","","","","","","","","","","","","","","","","","45.2","","","","","","","","","","","","","","","","","","","",
"St. Lucia","LCA","Contraceptive prevalence (% of women ages 15-49)","SP.DYN.CONU.ZS","","","","","","","","","","","","","","","","","","","","","42.7","52.2","","","","","","47.3","","","","","","","","","","47","","","","","","","","","","","","","","","","",
"Latin America & Caribbean (all income levels)","LCN","Contraceptive prevalence (% of women ages 15-49)","SP.DYN.CONU.ZS","","","","","","","","","","","","","","","","","","","","","","","","","","","","","","58.4679534339366","","","","","","","","","","","","","","","","","","","","","","","","",
"Latin America and the Caribbean","LCR","Contraceptive prevalence (% of women ages 15-49)","SP.DYN.CONU.ZS","","","","","","","","","","","","","","","","","","","","","","","","","","","","","","","","","","","","","","","","","","","","","","","","","","","","","","",
"Least developed countries: UN classification","LDC","Contraceptive prevalence (% of women ages 15-49)","SP.DYN.CONU.ZS","","","","","","","","","","","","","","","","","","","","","","","","","","","","","","19.2008178070714","","","","","","","","","","27.6165864962813","","","","","","","","","","34.920741688146","","","","",
"Low income","LIC","Contraceptive prevalence (% of women ages 15-49)","SP.DYN.CONU.ZS","","","","","","","","","","","","","","","","","","","","","","","","","","","","","","23.7970251427585","","","","","","","","","","32.3219342591262","","","","","","","","","","37.6301681811012","","","","",
"Liechtenstein","LIE","Contraceptive prevalence (% of women ages 15-49)","SP.DYN.CONU.ZS","","","","","","","","","","","","","","","","","","","","","","","","","","","","","","","","","","","","","","","","","","","","","","","","","","","","","","",
"Sri Lanka","LKA","Contraceptive prevalence (% of women ages 15-49)","SP.DYN.CONU.ZS","","","","","","","","","","","","","","43.2","","","48.6","","","","","54.9","","","","","61.7","","","","","","66.1","","","","","","","70","","","","","","","68.4","","","","","","","",
"Lower middle income","LMC","Contraceptive prevalence (% of women ages 15-49)","SP.DYN.CONU.ZS","","","","","","","","","","","","","","","","","","","","","","","","","","","","","","39.9212264129427","","","","","","","","","","46.018650103815","","","","","","","","","","51.1303893381656","","","","",
"Low & middle income","LMY","Contraceptive prevalence (% of women ages 15-49)","SP.DYN.CONU.ZS","","","","","","","","","","","","","","","","","","","","","","","","","","","","","","55.9375022428164","","","","","","","","","","58.4466849739043","","","","","","","","","","61.9490998104755","","","","",
"Lesotho","LSO","Contraceptive prevalence (% of women ages 15-49)","SP.DYN.CONU.ZS","","","","","","","","","","","","","","","","","7.2","","","","","","","","","","","","","","","23.2","","","29.1","","","","","30.4","40.6","38","","","37.3","","","","47","","","","","",
"Lithuania","LTU","Contraceptive prevalence (% of women ages 15-49)","SP.DYN.CONU.ZS","","","","","","","","","","","","","","","","","","","","","","","","","","","","","","","","","","","50.7","","","","","","","","","","","","","","","","","","","",
"Luxembourg","LUX","Contraceptive prevalence (% of women ages 15-49)","SP.DYN.CONU.ZS","","","","","","","","","","","","","","","","","","","","","","","","","","","","","","","","","","","","","","","","","","","","","","","","","","","","","","",
"Latvia","LVA","Contraceptive prevalence (% of women ages 15-49)","SP.DYN.CONU.ZS","","","","","","","","","","","","","","","","","","","","","","","","","","","","","","","","","","","48","","","","","","","","","","","","","","","","","","","",
"Macao SAR, China","MAC","Contraceptive prevalence (% of women ages 15-49)","SP.DYN.CONU.ZS","","","","","","","","","","","","","","","","","","","","","","","","","","","","","","","","","","","","","","","","","","","","","","","","","","","","","","",
"St. Martin (French part)","MAF","Contraceptive prevalence (% of women ages 15-49)","SP.DYN.CONU.ZS","","","","","","","","","","","","","","","","","","","","","","","","","","","","","","","","","","","","","","","","","","","","","","","","","","","","","","",
"Morocco","MAR","Contraceptive prevalence (% of women ages 15-49)","SP.DYN.CONU.ZS","","","","","","","","","","","","","","","","","","","","19.4","","","","25.5","","","35.9","","","","","41.5","","","50.3","","58.4","","","","","","","63","","","","","","","67.4","","","",
"Mexico and Central America","MCA","Contraceptive prevalence (% of women ages 15-49)","SP.DYN.CONU.ZS","","","","","","","","","","","","","","","","","","","","","","","","","","","","","","","","","","","","","","","","","","","","","","","","","","","","","","",
"Monaco","MCO","Contraceptive prevalence (% of women ages 15-49)","SP.DYN.CONU.ZS","","","","","","","","","","","","","","","","","","","","","","","","","","","","","","","","","","","","","","","","","","","","","","","","","","","","","","",
"Moldova","MDA","Contraceptive prevalence (% of women ages 15-49)","SP.DYN.CONU.ZS","","","","","","","","","","","","","","","","","","","","","","","","","","","","","","","","","","","","","73.7","","","62.4","","","","","67.8","","","","","","","","","",
"Madagascar","MDG","Contraceptive prevalence (% of women ages 15-49)","SP.DYN.CONU.ZS","","","","","","","","","","","","","","","","","","","","","","","","","","","","","","","","16.7","","","","","19.4","","25","18.8","","","","27.1","","","","","39.9","","","","","",
"Maldives","MDV","Contraceptive prevalence (% of women ages 15-49)","SP.DYN.CONU.ZS","","","","","","","","","","","","","","","","","","","","","","","","","","","","","","","29","","","","","","","","42","","","","","39","","","","","34.7","","","","","",
"Middle East & North Africa (all income levels)","MEA","Contraceptive prevalence (% of women ages 15-49)","SP.DYN.CONU.ZS","","","","","","","","","","","","","","","","","","","","","","","","","","","","","","43.1898132685171","","","","","","","","","","57.7330972162998","","","","","","","","","","61.289169991395","","","","",
"Mexico","MEX","Contraceptive prevalence (% of women ages 15-49)","SP.DYN.CONU.ZS","","","","","","","","","","","","","","","","","30.3","","37.8","","","47.7","","","","","52.7","","","","","63.1","","","66.5","","68.4","","","70","","","74.5","73","73.7","70.9","","","72.9","","","","","",
"Marshall Islands","MHL","Contraceptive prevalence (% of women ages 15-49)","SP.DYN.CONU.ZS","","","","","","","","","","22.7","","","","","","","","","","","","","","","27.2","","","","","","","","","37","","","","","","","34","","","","","","44.6","","","","","","","",
"Middle income","MIC","Contraceptive prevalence (% of women ages 15-49)","SP.DYN.CONU.ZS","","","","","","","","","","","","","","","","","","","","","","","","","","","","","","59.5629372192351","","","","","","","","","","62.1747648476974","","","","","","","","","","65.9192434812809","","","","",
"Macedonia, FYR","MKD","Contraceptive prevalence (% of women ages 15-49)","SP.DYN.CONU.ZS","","","","","","","","","","43.2","","","","","","","","","","","","","","","","","","","","","","","","","","","","","","","","","","","13.5","","","","","","40.2","","","",
"Mali","MLI","Contraceptive prevalence (% of women ages 15-49)","SP.DYN.CONU.ZS","","","","","","","","","","","","","","","","","","","","","","","","","","","4.7","","","","","","","","","6.7","","","","","8.1","","","","","8.2","","","","9.8","","","","",
"Malta","MLT","Contraceptive prevalence (% of women ages 15-49)","SP.DYN.CONU.ZS","","","","","","","","","","","87","","","","","","","","","","","","","","","","","","","","","","85.8","","","","","","","","","","","","","","","","","","","","","",
"Myanmar","MMR","Contraceptive prevalence (% of women ages 15-49)","SP.DYN.CONU.ZS","","","","","","","","","","","","","","","","","","","","5","","","","","","","","","","","16.8","","","","","","32.7","","","","37","","34.3","","","","41","","","46","","","","",
"Middle East & North Africa (developing only)","MNA","Contraceptive prevalence (% of women ages 15-49)","SP.DYN.CONU.ZS","","","","","","","","","","","","","","","","","","","","","","","","","","","","","","42.7964156502471","","","","","","","","","","61.0336887340605","","","","","","","","","","65.0573395413238","","","","",
"Montenegro","MNE","Contraceptive prevalence (% of women ages 15-49)","SP.DYN.CONU.ZS","","","","","","","","","","49.5","","","","","","","","","","","","","","","","","","","","","","","","","","","","","","52.7","","","","","","39.4","","","","","","","","",
"Mongolia","MNG","Contraceptive prevalence (% of women ages 15-49)","SP.DYN.CONU.ZS","","","","","","","","","","","","","","","","","","","","","","","","","","","","","","","","","","57.3","","","","59.9","","67.4","","","69","","66","","","55.2","","54.9","","","","",
"Northern Mariana Islands","MNP","Contraceptive prevalence (% of women ages 15-49)","SP.DYN.CONU.ZS","","","","","","","","","","20.5","","","","","","","","","","","","","","","","","","","","","","","","","","","","","","","","","","","","","","","","","","","","",
"Mozambique","MOZ","Contraceptive prevalence (% of women ages 15-49)","SP.DYN.CONU.ZS","","","","","","","","","","","","","","","","","","","","","","","","","","","","","","","","","","","","","5.6","","","","","","","16.5","","","","16.2","","","11.6","","","",
"Mauritania","MRT","Contraceptive prevalence (% of women ages 15-49)","SP.DYN.CONU.ZS","","","","","","","","","","","","","","","","","","","","","0.8","","","","","","","","","","","4.1","","","","","","","","","8","","","","","","9.3","","","","","","","",
"Mauritius","MUS","Contraceptive prevalence (% of women ages 15-49)","SP.DYN.CONU.ZS","","","","","","","","","","","","","","","45.7","","","","","","","","","","74.6","","","","","","74.6","","","","","","","","","","","75.9","","","","","","","","","","","","",
"Malawi","MWI","Contraceptive prevalence (% of women ages 15-49)","SP.DYN.CONU.ZS","","","","","","","","","","","","","","","","","","","","","","","","6.9","","","","","","","","13","","","","21.9","","","","30.6","","","","32.5","","41","","","","46.1","","","","",
"Malaysia","MYS","Contraceptive prevalence (% of women ages 15-49)","SP.DYN.CONU.ZS","","","","","","","","","","","","","","33","","","","","","","","","","51.4","","","","48.3","50.1","","","","","54.5","","","","","","","","","","49","","","","","","","","","","",
"North America","NAC","Contraceptive prevalence (% of women ages 15-49)","SP.DYN.CONU.ZS","","","","","","","","","","","","","","","","","","","","","","","","","","","","","","70.7","","","","","","","","","","72.9197774629442","","","","","","","","","","78.6","","","","",
"Namibia","NAM","Contraceptive prevalence (% of women ages 15-49)","SP.DYN.CONU.ZS","","","","","","","","","","","","","","","","","","","","","","","","","","","","","40.9","","","28.9","","","","","","","","43.7","","","","","","","55.1","","","","","","","",
"New Caledonia","NCL","Contraceptive prevalence (% of women ages 15-49)","SP.DYN.CONU.ZS","","","","","","","","","","","","","","","","","","","","","","","","","","","","","","","","","","","","","","","","","","","","","","","","","","","","","","",
"Niger","NER","Contraceptive prevalence (% of women ages 15-49)","SP.DYN.CONU.ZS","","","","","","","","","","","","","","","","","","","","","","","","","","","","","","","","4.4","","","","","","8.2","","14","","","","","","11.2","","","","18","","13.9","","",
"Nigeria","NGA","Contraceptive prevalence (% of women ages 15-49)","SP.DYN.CONU.ZS","","","","","","","","","","","","","","","","","","","","","","6.8","","","","","","","","6","","","","13.4","","","","","15.3","","","","12.6","","","","14.7","14.6","","","17.5","","","",
"Nicaragua","NIC","Contraceptive prevalence (% of women ages 15-49)","SP.DYN.CONU.ZS","","","","","","","","","","","","","","","","","","","","","27","","","","","","","","","","","","48.7","","","","","60.3","","","68.6","","","","","","72.4","","","","","","","",
"Netherlands","NLD","Contraceptive prevalence (% of women ages 15-49)","SP.DYN.CONU.ZS","","","","","","","","","","","","","","","75","","73","","","","","76.9","","","72","","","76.2","","","","","78.5","","","","","71","","","","","67","","","","","69","","","","","","",
"High income: nonOECD","NOC","Contraceptive prevalence (% of women ages 15-49)","SP.DYN.CONU.ZS","","","","","","","","","","","","","","","","","","","","","","","","","","","","","","","","","","","","","","","","","","","","","","","","","","70.9202547298358","","","","",
"Norway","NOR","Contraceptive prevalence (% of women ages 15-49)","SP.DYN.CONU.ZS","","","","","","","","","","","","","","","","","","71","","","","","","","","","","","73.8","","","","","","","","","86.5","","","","","","","88.4","","","","","","","","","",
"Nepal","NPL","Contraceptive prevalence (% of women ages 15-49)","SP.DYN.CONU.ZS","","","","","","","","","","","","","","","","2.4","","","","","6.8","","","","","15.1","","","","","24.1","","","","","28.5","","","","37.3","39.3","","","38.3","","48","","","","","49.7","","","",
"New Zealand","NZL","Contraceptive prevalence (% of women ages 15-49)","SP.DYN.CONU.ZS","","","","","","","","","","","","","","","","70.1","","","","","","","","","","","","","","","","","","","75","","","","","","","","","","","","","","","","","","","",
"High income: OECD","OEC","Contraceptive prevalence (% of women ages 15-49)","SP.DYN.CONU.ZS","","","","","","","","","","","","","","","","","","","","","","","","","","","","","","70.0804769047683","","","","","","","","","","71.3449819080668","","","","","","","","","","","","","","",
"OECD members","OED","Contraceptive prevalence (% of women ages 15-49)","SP.DYN.CONU.ZS","","","","","","","","","","","","","","","","","","","","","","","","","","","","","","68.9869120697547","","","","","","","","","","70.6139334584413","","","","","","","","","","","","","","",
"Oman","OMN","Contraceptive prevalence (% of women ages 15-49)","SP.DYN.CONU.ZS","","","","","","","","","","","","","","","","","","","","","","","","","","","","","8.6","","","","","","23.7","","","","","31.7","","","","","","","","24.4","","","","","","",
"Other small states","OSS","Contraceptive prevalence (% of women ages 15-49)","SP.DYN.CONU.ZS","","","","","","","","","","","","","","","","","","","","","","","","","","","","","","","","","","","","","","","","33.2741230510531","","","","","","","","","","39.006346744972","","","","",
"Pakistan","PAK","Contraceptive prevalence (% of women ages 15-49)","SP.DYN.CONU.ZS","","","","","","","","","","","","","","","5.4","","","","","3.3","","","","","9.1","","","","","14.5","11.8","","21.9","","17.8","13","23.9","","17","","27.6","","32.1","","","26","29.6","27","","","","29","","",
"Panama","PAN","Contraceptive prevalence (% of women ages 15-49)","SP.DYN.CONU.ZS","","","","","","","","","","","","","","","","53.9","","","60.6","","","","","","58.2","","","","","","","","","","","","","","","","","","","","","","","","52.2","","","","","",
"Peru","PER","Contraceptive prevalence (% of women ages 15-49)","SP.DYN.CONU.ZS","","","","","","","","","","26","","","","","","","","31.4","","","41","","","","","45.8","","","","","","59","","","","64.2","","","","68.9","","","","70.5","","71.3","","72.4","73.2","74.4","75.4","75.5","","",
"Philippines","PHL","Contraceptive prevalence (% of women ages 15-49)","SP.DYN.CONU.ZS","","","","","","","","15.3999996185","","","","","","","","","","36.2","","","","","","","","43.6","","36.2","","","","","40","","50.7","48.1","47","46.5","49.3","47","49.5","48.8","48.9","49.3","49.3","50.6","","51","","","48.9","","","",
"Palau","PLW","Contraceptive prevalence (% of women ages 15-49)","SP.DYN.CONU.ZS","","","","","","","","","","","","","","","","","","","","","","","","","","","","","","","","","","","","","","","","17.2","","","32.8","","","","21","","","22.26","","","","",
"Papua New Guinea","PNG","Contraceptive prevalence (% of women ages 15-49)","SP.DYN.CONU.ZS","","","","","","","","","","","","","","","","","","","","","","","","","","","","","","","","","","","","25.9","","","","","","","","","","32.4","","","","","","","","",
"Poland","POL","Contraceptive prevalence (% of women ages 15-49)","SP.DYN.CONU.ZS","","","","","","","","","","","","60","","","","","75","","","","","","","","","","","","","","72.7","","","","","","","","","","","","","","","","","","","","","","","",
"Puerto Rico","PRI","Contraceptive prevalence (% of women ages 15-49)","SP.DYN.CONU.ZS","","","","","","","","","","","","","","61","","64.6","","","","","","70.4","","","","","","","","","","","","","","77.7","","","","","","84.1","","","","","","","","","","","","",
"Korea, Dem. Rep.","PRK","Contraceptive prevalence (% of women ages 15-49)","SP.DYN.CONU.ZS","","","","","","","","","","","","","","","","","","","","","","","","","","","","","","","","61.9","","","","62","67.3","","","","","68.6","","","","","","","","","","","","",
"Portugal","PRT","Contraceptive prevalence (% of women ages 15-49)","SP.DYN.CONU.ZS","","","","","","","","","","","","","","","","","","","","76.3","","","","","","","","","","","","","","","","","78.8","","","","","","","","","67.1","","","","","","","","",
"Paraguay","PRY","Contraceptive prevalence (% of women ages 15-49)","SP.DYN.CONU.ZS","","","","","","","","","","","","","","","","","28.6","","37.7","","","","","","","","44.8","","","48.4","","","","","","55.9","","61.8","","","","","","72.8","","","","79.4","","","","","","",
"Pacific island small states","PSS","Contraceptive prevalence (% of women ages 15-49)","SP.DYN.CONU.ZS","","","","","","","","","","","","","","","","","","","","","","","","","","","","","","","","","","","","","","","","32.0769936187318","","","","","","","","","","33.562262146374","","","","",
"French Polynesia","PYF","Contraceptive prevalence (% of women ages 15-49)","SP.DYN.CONU.ZS","","","","","","","","","","","","","","","","","","","","","","","","","","","","","","","","","","","","","","","","","","","","","","","","","","","","","","",
"Qatar","QAT","Contraceptive prevalence (% of women ages 15-49)","SP.DYN.CONU.ZS","","","","","","","","","","","","","","","","","","","","","","","","","","","32.3","","","","","","","","","","","43.2","","","","","","","","","","","","","","","","",
"Romania","ROU","Contraceptive prevalence (% of women ages 15-49)","SP.DYN.CONU.ZS","","","","","","","","","","","","","","","","","","58","","","","","","","","","","","","","","","57.3","","","","","","63.8","","","","","70.3","","","","","","","","","","",
"Russian Federation","RUS","Contraceptive prevalence (% of women ages 15-49)","SP.DYN.CONU.ZS","","","","","","","","","","","","","","","","","","","","","","","","","","","","","","","","","62.5","66.8","63.4","65.3","","","","","","","","83.8","","","79.5","","","","","","","",
"Rwanda","RWA","Contraceptive prevalence (% of women ages 15-49)","SP.DYN.CONU.ZS","","","","","","","","","","","","","","","","","","","","","","","11","","","","","","","","","21.2","","","","13.7","","","","13.2","","","","","17.4","","","36.4","","51.6","","","","",
"South Asia","SAS","Contraceptive prevalence (% of women ages 15-49)","SP.DYN.CONU.ZS","","","","","","","","","","","","","","","","","","","","","","","","","","","","","","41.2523257531982","","","","","","","","","","45.3649067364217","","","","","","","","","","52.3005889595577","","","","",
"Saudi Arabia","SAU","Contraceptive prevalence (% of women ages 15-49)","SP.DYN.CONU.ZS","","","","","","","","","","","","","","","","","","","","","","","","","","","","","","","","","","","","31.8","","","20.8","","","","","","","","23.8","","","","","","","",
"Southern Cone Extended","SCE","Contraceptive prevalence (% of women ages 15-49)","SP.DYN.CONU.ZS","","","","","","","","","","","","","","","","","","","","","","","","","","","","","","","","","","","","","","","","","","","","","","","","","","","","","","",
"Sudan","SDN","Contraceptive prevalence (% of women ages 15-49)","SP.DYN.CONU.ZS","","","","","","","","","","","","","","","","","","","4.6","","","","","","","","","","","8.7","","","9.9","","","","","","7","","","","","","","7.6","","","","9","","","","",
"Senegal","SEN","Contraceptive prevalence (% of women ages 15-49)","SP.DYN.CONU.ZS","","","","","","","","","","","","","","","","","","3.9","","","","","","","","11.3","","","","","","","7.4","","","","12.9","","10.5","","","","","","11.8","","","","","","13.1","","","",
"Singapore","SGP","Contraceptive prevalence (% of women ages 15-49)","SP.DYN.CONU.ZS","","","","","","","","","","","","","60.1","","","","71.3","","","","","74.2","","","","","67","","","","","65","","","","","62","","","","","","","","","","","","","","","","","",
"Solomon Islands","SLB","Contraceptive prevalence (% of women ages 15-49)","SP.DYN.CONU.ZS","","","","","","","","","","","","","","","","","","","","","","","","","","","","","","","","","","","","11","","","","","6.8","","","","","","34.6","","","","","","","",
"Sierra Leone","SLE","Contraceptive prevalence (% of women ages 15-49)","SP.DYN.CONU.ZS","","","","","","","","","","","","","","","","","","","","","","","","","","","","","","","","2.6","","","","","","","","4.3","","","","","5.3","","","8.2","","11","","","","",
"El Salvador","SLV","Contraceptive prevalence (% of women ages 15-49)","SP.DYN.CONU.ZS","","","","","","","","","","","","","","","21.6","","","34.4","","","","","","","47.3","","","47.1","","","","","53.3","","","","","59.7","","","","","67.3","","","","","72.5","","","","","","",
"San Marino","SMR","Contraceptive prevalence (% of women ages 15-49)","SP.DYN.CONU.ZS","","","","","","","","","","","","","","","","","","","","","","","","","","","","","","","","","","","","","","","","","","","","","","","","","","","","","","",
"Somalia","SOM","Contraceptive prevalence (% of women ages 15-49)","SP.DYN.CONU.ZS","","","","","","","","","","","","","","","","","","","","","","","","","","","","","","","","","","","","","","","7.9","","","","","","","14.6","","","","","","","","",
"Serbia","SRB","Contraceptive prevalence (% of women ages 15-49)","SP.DYN.CONU.ZS","","","","","","","","","","51.7","","","","","","","","","","","","","","","","","","","","","","","","","","","","","","58.7","","","","","","41.2","","","","60.8","","","","",
"Sub-Saharan Africa (developing only)","SSA","Contraceptive prevalence (% of women ages 15-49)","SP.DYN.CONU.ZS","","","","","","","","","","","","","","","","","","","","","","","","","","","","","","15.9575298423274","","","","","","","","","","22.0973160087087","","","","","","","","","","24.2512397388061","","","","",
"South Sudan","SSD","Contraceptive prevalence (% of women ages 15-49)","SP.DYN.CONU.ZS","","","","","","","","","","","","","","","","","","","","","","","","","","","","","","","","","","","","","","","","","","","","","","","","","","4","","","","",
"Sub-Saharan Africa (all income levels)","SSF","Contraceptive prevalence (% of women ages 15-49)","SP.DYN.CONU.ZS","","","","","","","","","","","","","","","","","","","","","","","","","","","","","","15.9575298423274","","","","","","","","","","22.0875741349086","","","","","","","","","","24.2512397388061","","","","",
"Small states","SST","Contraceptive prevalence (% of women ages 15-49)","SP.DYN.CONU.ZS","","","","","","","","","","","","","","","","","","","","","","","","","","","","","","","","","","","","","","","","38.7499239376304","","","","","","","","","","43.23487944481","","","","",
"Sao Tome and Principe","STP","Contraceptive prevalence (% of women ages 15-49)","SP.DYN.CONU.ZS","","","","","","","","","","","","","","","","","","","","","","","","","","","","","","","","","","","","","","","","29.3","","","","","","30.7","","","38.4","","","","","",
"Suriname","SUR","Contraceptive prevalence (% of women ages 15-49)","SP.DYN.CONU.ZS","","","","","","","","","","","","","","","","","","","","","","","","","","","","","","","","48","","","","","","","","42.1","","","","","","45.6","","","","47.6","","","","",
"Slovak Republic","SVK","Contraceptive prevalence (% of women ages 15-49)","SP.DYN.CONU.ZS","","","","","","","","","","","","","","","","","","","","","","","","","","","","","","","74","","","","","","79.8","","","","","","","","","","","","","","","","","",
"Slovenia","SVN","Contraceptive prevalence (% of women ages 15-49)","SP.DYN.CONU.ZS","","","","","","","","","","70.6","","","","","","","","","","","","","","","","","","","","","","","","","78.9","","","","","","","","","","","","","","","","","","","",
"Sweden","SWE","Contraceptive prevalence (% of women ages 15-49)","SP.DYN.CONU.ZS","","","","","","","","","","","","","","","","","","","","","78","","","","","","","","","","","","","","","75.2","","","","","","","","","","","","","","","","","","",
"Swaziland","SWZ","Contraceptive prevalence (% of women ages 15-49)","SP.DYN.CONU.ZS","","","","","","","","","","","","","","","","","","","","","","","","","","","","19.8","","","","","","","","","","","","27.7","","40.1","","","","","50.6","","","65.2","","","","",
"Sint Maarten (Dutch part)","SXM","Contraceptive prevalence (% of women ages 15-49)","SP.DYN.CONU.ZS","","","","","","","","","","","","","","","","","","","","","","","","","","","","","","","","","","","","","","","","","","","","","","","","","","","","","","",
"Seychelles","SYC","Contraceptive prevalence (% of women ages 15-49)","SP.DYN.CONU.ZS","","","","","","","","","","","","","","","","","","","","","","","","","","","","","","","","","","","","","","","","","","","","","","","","","","","","","","",
"Syrian Arab Republic","SYR","Contraceptive prevalence (% of women ages 15-49)","SP.DYN.CONU.ZS","","","","","","","","","","","","","","","","","","29.5","","","","","","","","","","","","","","","39.6","","","","","","","45.2999992371","46.6","","","","","58.3","","","53.9","","","","","",
"Turks and Caicos Islands","TCA","Contraceptive prevalence (% of women ages 15-49)","SP.DYN.CONU.ZS","","","","","","","","","","","","","","","","","","","","","","","","","","","","","","","","","","","","","","","","","","","","","","","","","","","","","","",
"Chad","TCD","Contraceptive prevalence (% of women ages 15-49)","SP.DYN.CONU.ZS","","","","","","","","","","","","","","","","","","","","","","","","","","","","","","","","","","","","","4.1","","","7.9","","","","2.8","","","","","","4.8","","","","",
"Togo","TGO","Contraceptive prevalence (% of women ages 15-49)","SP.DYN.CONU.ZS","","","","","","","","","","","","","","","","","","","","","","","","","","","","33.9000015259","","","","","","","","","","23.5","","25.7","","","","","","16.8","","","","15.2","","","","",
"Thailand","THA","Contraceptive prevalence (% of women ages 15-49)","SP.DYN.CONU.ZS","","","","","","","","","","14.8","","","26.3","","36.7","","","","53.4","","59","","","64.6","","","67.5","","66.2","","","","73.9","","","75.2","72.2","","","79.2","77.8","","","","73.8","71.5","","","79.6","","","","","",
"Tajikistan","TJK","Contraceptive prevalence (% of women ages 15-49)","SP.DYN.CONU.ZS","","","","","","","","","","","","","","","","","","","","","","","","","","","","","","","","","","","","","","","","33.9","","","25.3","24.6","37.9","28.5","37.1","","","","","27.9","","",
"Turkmenistan","TKM","Contraceptive prevalence (% of women ages 15-49)","SP.DYN.CONU.ZS","","","","","","","","","","","","","","","","","","","","","","","","","","","","","","","","","","","","","","","","61.8","","","","","","48","","","","","","","","",
"Timor-Leste","TLS","Contraceptive prevalence (% of women ages 15-49)","SP.DYN.CONU.ZS","","","","","","","","","","","","","","","","","","","","","","","","","","","","","","","25.1","","","22.6","","","26.7","","","","8","","10","","","","19.8","","","22.3","","","","",
"Tonga","TON","Contraceptive prevalence (% of women ages 15-49)","SP.DYN.CONU.ZS","","","","","","","","","","","","","","","","46","","","","","","","","","","","","","","","","","","","","","41","","32.8","33","","23","","","","23.9","","","","31.5","","","","",
"Trinidad and Tobago","TTO","Contraceptive prevalence (% of women ages 15-49)","SP.DYN.CONU.ZS","","","","","","","","","","","43.6","","","","","","60.2","","","","","","","","","","52.7","","","","","","","","","","","","","38.2","","","","","","42.5","","","","","","","","",
"Tunisia","TUN","Contraceptive prevalence (% of women ages 15-49)","SP.DYN.CONU.ZS","","","","","","","","","","","","","","","","","","31.4","","","","","41.1","","","","","49.8","","","","","","","60","","","","","65.5","62.6","","","","","60.2","","","","","","62.5","","",
"Turkey","TUR","Contraceptive prevalence (% of women ages 15-49)","SP.DYN.CONU.ZS","","","","","","","","","","","","","36.8","","","","","50.4","","","","","50.6","","","","","63.4","","","","","62.6","","","","","63.9","","","","","71","","","","","73","73","","","","","",
"Tuvalu","TUV","Contraceptive prevalence (% of women ages 15-49)","SP.DYN.CONU.ZS","","","","","","","","","","","","","","","","","","","","","","","","","","","","","","39","","","","","","","","","","","","31.6","","","","","30.5","","","","","","","",
"Tanzania","TZA","Contraceptive prevalence (% of women ages 15-49)","SP.DYN.CONU.ZS","","","","","","","","","","","","","","","","","","","","","","","","","","","","","","","","10.4","","20.4","","18.4","","","25.4","","","","","28.2","26.4","","","","","34.4","","","","",
"Uganda","UGA","Contraceptive prevalence (% of women ages 15-49)","SP.DYN.CONU.ZS","","","","","","","","","","","","","","","","","","","","","","","","","","","","","4.9","","","","","","14.8","","","","","","22.8","","","","19.7","23.7","","","","","30","","","",
"Ukraine","UKR","Contraceptive prevalence (% of women ages 15-49)","SP.DYN.CONU.ZS","","","","","","","","","","","","","","","","","","","","","","","","","","","","","","","","","","","","","","","67.5","71.6","","","","","65.6","","66.7","","","","","","","",
"Upper middle income","UMC","Contraceptive prevalence (% of women ages 15-49)","SP.DYN.CONU.ZS","","","","","","","","","","","","","","","","","","","","","","","","","","","","","","75.7863434320339","","","","","","","","","","77.7772570516318","","","","","","","","","","83.3287235719818","","","","",
"Uruguay","URY","Contraceptive prevalence (% of women ages 15-49)","SP.DYN.CONU.ZS","","","","","","","","","","","","","","","","","","","","","","","","","","83","","","","","","","","","","","84","","","","","","","77","78","","","","","","","","","",
"United States","USA","Contraceptive prevalence (% of women ages 15-49)","SP.DYN.CONU.ZS","","","","","","","","","","67.6","","","69.6","","79","67.7","","","","","","69.5","","","","","","74.3","","70.7","","","","","76.4","","","","","","","72.8","","","","","","78.6","","","","","","",
"Uzbekistan","UZB","Contraceptive prevalence (% of women ages 15-49)","SP.DYN.CONU.ZS","","","","","","","","","","","","","","","","","","","","","","","","","","","","","","","","","","","","55.6","","","","67.2","","67.7","","","","64.9","","","","","","","","",
"St. Vincent and the Grenadines","VCT","Contraceptive prevalence (% of women ages 15-49)","SP.DYN.CONU.ZS","","","","","","","","","","","","","","","","","","","","","41.5","55.5","","","","","","58.3","","","","","","","","","","58","","","","","","","48","48","","","","","","","","",
"Venezuela, RB","VEN","Contraceptive prevalence (% of women ages 15-49)","SP.DYN.CONU.ZS","","","","","","","","","","","","","","","","","60.3","","","","","","","","","","","","","","","","58","","","","","70.3","","","","","","","","","","","","","","","","",
"Virgin Islands (U.S.)","VIR","Contraceptive prevalence (% of women ages 15-49)","SP.DYN.CONU.ZS","","","","","","","","","","","","","","","","","","","","","","","","","","","","","","","","","","","","","","","","","","78.4","","","","","","","","","","","","",
"Vietnam","VNM","Contraceptive prevalence (% of women ages 15-49)","SP.DYN.CONU.ZS","","","","","","","","","","","","","","","","","","","","","20","","","","","58","","53.2","","","","","","65","","","75.3","71.9","","74.2","73.9","78.5","75.3","75.7","76.8","75.7","79","79.5","","","77.8","","","",
"Vanuatu","VUT","Contraceptive prevalence (% of women ages 15-49)","SP.DYN.CONU.ZS","","","","","","","","","","","","","","","","","","","","","","","","24.4","","","","","","","15","","","","39","","","","28","","","","","","","","38.4","","","","","","","",
"West Bank and Gaza","PSE","Contraceptive prevalence (% of women ages 15-49)","SP.DYN.CONU.ZS","","","","","","","","","","","","","","","","","","","","","","","","","","","","","","","","","","","","45.2","","","","51.4","","","","50.6","","50.2","","","","52.5","","","","",
"World","WLD","Contraceptive prevalence (% of women ages 15-49)","SP.DYN.CONU.ZS","","","","","","","","","","","","","","","","","","","","","","","","","","","","","","58.3743493182885","","","","","","","","","","60.0848609112366","","","","","","","","","","63.4742062968589","","","","",
"Samoa","WSM","Contraceptive prevalence (% of women ages 15-49)","SP.DYN.CONU.ZS","","","","","","","","","","","","","","","","","","","","","","","","","","","","","","","","","","","30","42.6","","24.5","","","","","","","","","","","28.7","","","","","",
"Yemen, Rep.","YEM","Contraceptive prevalence (% of women ages 15-49)","SP.DYN.CONU.ZS","","","","","","","","","","","","","","","","","","","1.7","","","","","","","","","","","","","9.7","","","","","20.8","","","","","","23.1","","","27.7","","","","","","","","",
"South Africa","ZAF","Contraceptive prevalence (% of women ages 15-49)","SP.DYN.CONU.ZS","","","","","","","","","","","","","","","","","","","","48","","","","","","","","49.7","","57","","","","","","","","56.3","","","","","59.9","59.9","","","","","","","","","","",
"Congo, Dem. Rep.","COD","Contraceptive prevalence (% of women ages 15-49)","SP.DYN.CONU.ZS","","","","","","","","","","","","","","","","","","","","","","","","25.8","","","","","","","7.7","","","","","","","","","","31.4","","","","","","20.6","","","17.3","","","","",
"Zambia","ZMB","Contraceptive prevalence (% of women ages 15-49)","SP.DYN.CONU.ZS","","","","","","","","","","","","","","","","","","","","","","","","","","","","","","","","15.2","","","","25.9","","","22","","","34.2","","","","","40.8","","","","","","","",
"Zimbabwe","ZWE","Contraceptive prevalence (% of women ages 15-49)","SP.DYN.CONU.ZS","","","","","","","","","","","","","","","","","","","","","","","","38.4","","","","","43.1","","","","","48.1","","","","","53.5","","","","","","","60.2","","","64.9","","58.5","","","",
